ID,Name,Producer,Price
1,ULCODIN филм обл.табл. 15 x 150mg,ALKALOID AD,18.00
2,RANITIDIN филм обл.табл. 20 x 150mg,REPLEK FARM,24.00
3,RANITAL  филм обл.табл. 20 x 150mg,SANDOZ LEK,24.00
4,RANITAB филм обл.табл. 60 x 150mg,DEVA HOLDING,72.00
5,FAMOSAN филм обл.табл. 10 x 40mg,ALKALOID AD,24.00
6,FAMOSAN филм обл.табл. 20 x 20mg,ALKALOID AD,24.00
7,OMEZOL капс. 14 x 20mg,ALKALOID AD,48.00
8,DEPRAZOL капс. 14 x 20mg,DEVA HOLDING,48.00
9,ULTOP капс. 14 x 20mg,KRKA,48.00
10,OMEPRAZID капс. 14Х20 mg,Nobel Ilac,48.00
11,OMEPRAZOL  капс. 15 x 20mg,REPLEKFARM,52.00
12,NOLPAZA CONTROL гастрорезистентни таблети 7x20mg,KRKA,12.00
13,NOLPAZA гастрорезистентни таблети 14x20mg,KRKA,24.00
14,ACIPAN CONTROL гастрорезистентни таблети 14x20mg,SALUTAS/SANDOZ/LEK,24.00
15,PANDEV гастрорезистентни таблети 28x20mg,DEVA HOLDING,48.00
16,NOLPAZA гастрорезистентни таблети 28x20mg,KRKA,48.00
17,ZIPANTOLA гастрорезистентни таблети 28x20mg,PLIVA,48.00
18,ACIPAN гастрорезистентни таблети 28x20mg,"SALUTAS/SANDOZ
/LEK",48.00
19,CONTROLOC гастрорезистентни таблети 14x40mg,TAKEDA,48.00
20,PANDEV гастрорезистентни таблети 14x40mg,DEVA HOLDING,48.00
21,NOLPAZA гастрорезистентни таблети 14x40mg,KRKA,48.00
22,ACIPAN гастрорезистентни таблети 14x40mg,"SALUTAS/SANDOZ
/LEK",48.00
23,NOLPAZA гастрорезистентни таблети 28x40mg,KRKA,97.00
24,ZIPANTOLA гастрорезистентни таблети 28x40mg,PLIVA,97.00
25,ACIPAN гастрорезистентни таблети 28x40mg,"SALUTAS/SANDOZ
/LEK",97.00
26,LANZUL капс. 28 x 15 mg,KRKA,48.00
27,DEGASTROL капс. 14x30 mg,DEVA HOLDING,48.00
28,LANZUL капс. 14 x 30mg,KRKA,48.00
29,LANSOR-SANOVEL капс. 14x30 mg,SANOVEL ilac Sanayi ve Ticaret,48.00
30,LANSOPRAZOL ALKALOID гастрорезистентни капсули  28 X 30 mg ,ALKALOID AD,97.00
31,LANZUL капс. 28 x 30mg,KRKA,97.00
32,LANSOR-SANOVEL капс. 28x30 mg,SANOVEL ilac Sanayi ve Ticaret,97.00
33,LANSOPRAZOL TEVA гастрорезистентни капсули  28 X 30 mg ,TEVA ,97.00
34,REGLAN раствор за орална употреба  5mg/5ml (120ml),ALKALOID AD,43.00
35,REGLAN табл. 40x10mg,ALKALOID AD,49.00
36,URSOFALK перорална суспензија 250mg/5ml (250ml),DR.FALK PHARMA GMBH,"1,510.00"
37,URSOBIL капс.50x250mg,BIONIKA Pharmaceuticals,680.00
38,URSOFALK капс.50x250mg,DR.FALK PHARMA ,680.00
39,URSOFALK капс.100x250mg,DR.FALK PHARMA,"1,360.00"
40,NYSTATIN сусп.100.000IU/ml (24ml),HEMOFARM,44.00
41,FURAL сусп.200mg/5ml (90ml),ALKALOID AD,141.00
42,ENTEROFURYL сусп.200mg/5ml (90ml),BOSNALIJEK,141.00
43,FURAL капс. 30x100 mg,ALKALOID AD,137.00
44,ENTEROFURYL капс. 30 x 100mg,BOSNALIJEK,137.00
45,ENTEROFURYL капс.16 x 200mg,BOSNALIJEK,146.00
46,FURAL капс. 20X200 mg,ALKALOID AD,183.00
47,CARBOMED табл.30x150mg ,JADRAN GALENSKI LAB.,110.00
48,SULFASALAZIN EN табл. 50 x 500mg,KRKA,282.00
49,MESALAZIN табл.50x250mg,REPLEK FARM,257.00
50,SALOFALK табл.100x250mg,DR.FALK PHARMA GMBH,515.00
51,MESALAZIN табл.50x500mg,REPLEK FARM,525.00
52,SALOFALK табл.100x500mg,DR.FALK PHARMA GMBH,"1,050.00"
53,SALOFALK клизми 7x4g/60ml,DR.FALK PHARMA GMBH,"1,519.00"
54,SALOFALK супп.10x500mg,DR.FALK PHARMA GMBH,320.00
55,KREON 10.000 капс.20x(8.000E+10.000E+600E) (150mg),ABBOTT LAB,156.00
56,KREON 10.000 капс.50x(8.000E+10.000E+600E) (150mg),ABBOTT LAB,390.00
57,KREON 25.000 капс.100x(18.000E+25.000E+1.000E) (300mg),ABBOTT LAB,"1,749.00"
58,METFORMIN ALKALOID филм обл.табл. 30 x 500mg,ALKALOID AD,31.00
59,SIOFOR 500 филм обл.табл. 30 x 500mg ,BERLIN CHEMIE,31.00
60,METFORMIN филм обл.табл. 30 x 500mg,REPLEK FARM,31.00
61,GLUCOPHAGE 500 филм обл.табл. 50 x 500mg,MERCK,52.00
62,GLUCOPHAGE XR таблета со продолжено ослободување 30 x 500mg,MERCK,40.00
63,GLUFORMIN ER табл. со прод.ослоб. 30 x 500mg,PLIVA,40.00
64,METFORMIN филм обл.табл. 30 x 850mg,ALKALOID AD,46.00
65,SIOFOR 850 филм обл.табл. 30 x 850mg ,BERLIN CHEMIE,46.00
66,GLUCOPHAGE филм обл.табл. 30 x 850mg,MERCK,46.00
67,GLUFORMIN филм обл.табл. 30 x 850mg,PLIVA,46.00
68,METFORMIN филм обл.табл. 30 x 850mg,REPLEK FARM,46.00
69,GLUCOPHAGE   XR таблета со продолжено ослободување 30 x 750mg,MERCK,59.00
70,METFORMIN ALKALOID филм обл.табл. 30 x 1000mg ,ALKALOID AD,57.00
71,SIOFOR 1000 филм обл.табл. 30 x 1000mg ,BERLIN CHEMIE,57.00
72,GLUCOPHAGE 1000 филм обл.табл. 30 x 1000mg ,MERCK,57.00
73,GLUFORMIN филм обл.табл. 30 x 1000mg ,PLIVA,57.00
74,METFORMIN филм обл.табл. 30 x 1000mg ,REPLEK FARM,57.00
75,GLUCOPHAGE   XR таблета со продолжено ослободување 30 x 1000 mg,MERCK,117.00
76,GLIBEDAL табл. 30 x 5mg,ALKALOID AD,24.00
77,GLIBENKLAMID табл.40 x 5mg,REPLEKFARM,32.00
78,"ENYGLID табл. 30 x 0,5mg",KRKA,56.00
79,"NOVONORM табл. 30 x 0,5mg",NOVO NORDISK A/S,56.00
80,"REPAGLINID ALKALOID табл. 90 x 0,5mg",ALKALOID AD,168.00
81,"ENYGLID табл. 90X0,5 mg",KRKA,168.00
82,"REPAGLINID табл. 90X0,5 mg.",PHARMAS,168.00
83,"REODON табл. 90 x 0,5mg",PLIVA,168.00
84,ENYGLID табл. 30 x 1mg,KRKA,63.00
85,NOVONORM табл. 30 x 1mg,NOVO NORDISK A/S,63.00
86,REPAGLINID ALKALOID табл. 90 x 1mg,ALKALOID AD,189.00
87,ENYGLID табл. 90X1 mg,KRKA,189.00
88,REPAGLINID табл. 90X1 mg.,PHARMAS,189.00
89,REODON табл. 90 x 1mg,PLIVA,189.00
90,ENYGLID табл. 30 x 2mg,KRKA,92.00
91,NOVONORM табл. 30 x 2mg,NOVO NORDISK A/S,92.00
92,REPAGLINID ALKALOID табл. 90 x 2mg,ALKALOID AD,276.00
93,ENYGLID табл. 90X2 mg,KRKA,276.00
94,REPAGLINID табл. 90X2 mg.,PHARMAS,276.00
95,REODON табл. 90 x 2mg,PLIVA,276.00
96,"ROCALTROL капс.30x0,25mcg",R.P.SCHERER GMBH,221.00
97,"ROCALTROL капс.30x0,5mcg",R.P.SCHERER GMBH,408.00
98,PLIVIT D3 капки за орална употреба 4.000IU/ml (10ml),PLIVA,88.00
99,VIGANTOL капки за орална употреба 20.000IU/ml (10ml),MERCK,58.00
100,"DEVIT 3 капки за орална употреба 50.000IU/15ml (1,25mg/15ml) (15ml)",DEVA HOLDING,95.00
101,KALCIUM KARBONAT табл.50x1g,REPLEK FARM,106.00
102,KALIUM CHLORID табл. за перорален раствор 20 x 500mg,JADRAN GALENSKI LAB.,117.00
103,KALIUM CHLORID табл. за перорален раствор 30 x 500 mg,BELUPO,175.00
104,SINKUM табл.20x4mg,JAKA 80,47.00
105,SINTROM табл.20x4mg,Merus Labs,47.00
106,АCENOKUMAROL табл.20x4mg,REPLEK FARM,47.00
107,CLOPIDOGREL филм обл.табл.28x75mg,ACTAVIS,172.00
108,CLOPIGAL филм обл.табл.28x75mg,GALENIKA AD,172.00
109,PLAVIX филм обл.табл.28x75mg,SANOFI AVENTIS,172.00
110,KLOGAN SANOVEL филм обл.табл.28x75mg,SANOVEL ilac Sanayi ve Ticaret,172.00
111,SYNETRA филм обл.табл.30x75mg,ALKALOID AD,184.00
112,ZYLLT филм обл.табл.30x75mg,KRKA,184.00
113,VATOUD филм обл.табл.30x75mg,Pharmathen,184.00
114,ANGICLOD филм обл.табл.30x75mg,PLIVA,184.00
115,KLOPIDOGREL AKTIV филм обл.табл.30x75mg,REPLEK AD,184.00
116,PLAVIX филм обл.табл.30x75mg,SANOFI WINTHROP,184.00
117,KLOPIDOGREL AKTIV филм обл.табл.60x75mg,REPLEK AD,369.00
118,KLOPIDOGREL AKTIV филм обл.табл.90x75mg,REPLEK AD,553.00
119,HEFEROL капс. 30 x 350mg,ALKALOID AD,100.00
120,FERRUM LEK сируп 50mg/5ml (100ml),LEK(TILLOTS PHARMA),68.00
121,REFERUM сируп 50mg/5ml (100ml),REPLEK FARM,68.00
122,REFERUM раствор за орална употреба 100mg/5ml (100ml),REPLEK FARM,136.00
123,FERRUM LEK таблети за џвакање 30 x 100mg,LEK,86.00
124,REFERUM таблети за џвакање 30 x 100mg,REPLEK FARM,86.00
125,LEGOFER pаствор за орална употреба  800mg/15ml (150ml) (40mg Fe 3+),ALKALOID AD,157.00
126,"DILACOR табл. 20x 0,25mg",ZDRAVLJE,32.00
127,PROPAFENON ALKALOID филм обл.табл. 40 x 150mg,ALKALOID AD,126.00
128,AMIOKORDIN табл.60x200mg,KRKA,228.00
129,AMIODARON табл.60x200mg,REPLEKFARM,228.00
130,NITROGLICERIN лингв. 40 x 500mcg,JAKA 80,154.00
131,"NITRO M RETARD  капс.со продолжено ослободување 30 x 2,5mg ",REPLEK FARM,60.00
132,TINIDIL лингв. 40 x 5mg,PLIVA,82.00
133,CORNILAT табл. 20 x 20mg,GALENIKA AD,33.00
134,MONIZOL табл.30x20mg,HEMOFARM,38.00
135,MONIZOL табл.30x40mg,HEMOFARM,72.00
136,VASOFLEX табл.30 x 1mg,ALKALOID AD,115.00
137,VASOFLEX табл. 60 x 2mg,ALKALOID AD,288.00
138,KAMIREN табл.30 x 2mg,KRKA,84.00
139,KAMIREN табл.30 x 4mg,KRKA,161.00
140,HIDROCHLORTIAZID ALKALOID табл. 20 x 25mg,ALKALOID AD,24.00
141,HIDROHLOROTIAZID табл.20 x 25mg,JAKA 80,24.00
142,FUROSEMID ALKALOID  табл.10 x 40 mg,ALKALOID AD,14.00
143,FUROSEMID ALVOGEN  табл.20 x 40 mg,LABORMED Pharma,29.00
144,EDEMID FORTE табл. 20 x 500 mg,"LEK SKOPJE 
VO SORABOTKA SO LEK LJUBLJANA",307.00
145,SPIRONOLACTON табл. 30 x 25mg,GALENIKA,65.00
146,SPIRONOLACTON табл. 40 x 25mg,GALENIKA AD,87.00
147,SPIRONOLAKTON табл. 40 x 25mg,REPLEK FARM,87.00
148,SPIRONOLACTON табл. 30 x 100mg,GALENIKA AD,200.00
149,SPIRONOLAKTON табл. 30 x 100mg,REPLEK FARM,200.00
150,"PENTOKSIFILIN ALKALOID
филм обл.табл. 20 x 400mg",ALKALOID AD,69.00
151,PENTOKSIFILIN обл.табл. 20 x 400mg,JAKA 80,69.00
152,PENTILIN R филм обл.табл. 20 x 400mg,KRKA,69.00
153,"PENTOKSIFILIN REPLEKFARM R 
филм обл.табл. 20 x 400mg",REPLEK FARM,69.00
154,DAMATON табл. 20 x 400mg,GALENIKA AD,69.00
155,PROPRANOLOL табл.50 x 40 mg,GALENIKA AD,76.00
156,PRESOLOL  филм обл.табл. 30 x 100mg,HEMOFARM,82.00
157,BLOXAN  табл. 30 x 100mg,KRKA,82.00
158,METOPROLOL ALVOGEN табл. 30 x 100mg,LABORMED Pharma,82.00
159,PRESOLOL филм обл.табл. 28 x 50mg,HEMOFARM,39.00
160,METOPROLOL ALVOGEN табл. 30 x 50mg,LABORMED Pharma,42.00
161,PRESOLOL филм обл.табл. 56 x 50mg,HEMOFARM,78.00
162,ATENOLOL ALKALOID филм обл.табл.15x50mg,ALKALOID AD,18.00
163,PRINORM табл.14x100mg,GALENIKA AD,24.00
164,ATENOLOL ALKALOID филм обл.табл.15x100mg,ALKALOID AD,26.00
165,ATENOLOL табл.15x100mg,REPLEKFARM,26.00
166,"BIPRESSO филм обл.табл.30x2,5mg",ALKALOID AD,32.00
167,"BISOPROLOL KRKA филм обл.табл.30x2,5mg",KRKA,32.00
168,"BYOL филм обл.табл.30x2,5mg",LEK,32.00
169,"CONCOR COR филм обл.табл.30x2,5mg",MERCK,32.00
170,"BISOPROLOL филм обл.табл.30x2,5mg",REPLEK FARM,32.00
171,BIPRESSO филм обл.табл.30x5mg,ALKALOID AD,51.00
172,BISOPROLOL KRKA филм обл.табл.30x5mg,KRKA,51.00
173,CONCOR 5 филм обл.табл.30x5mg,MERCK,51.00
174,CONCOR COR филм обл.табл.30x5mg,MERCK,51.00
175,BISOPROLOL филм обл.табл.30x5mg,REPLEK FARM,51.00
176,BYOL филм обл.табл.30x5mg,SANDOZ LEK,51.00
177,BISOPROLOL KRKA филм обл.табл.30x10mg,KRKA,82.00
178,BISOPROLOL филм обл.табл.30x10mg,REPLEK FARM,82.00
179,"CORYOL табл.28x3,125mg",KRKA,14.00
180,"CARVETREND табл.28x3,125mg",PLIVA,14.00
181,"CORYOL табл.28x6,25mg",KRKA,57.00
182,"CARVETREND табл.28x6,25mg",PLIVA,57.00
183,"CARVEDILOL ALKALOID табл.30x6,25mg",ALKALOID AD,61.00
184,"CARVEDILOL ALVOGEN табл.30x6,25mg",LABORMED Pharma,61.00
185,"KARVEDILOL табл.30x6,25mg",REPLEK AD,61.00
186,"CORYOL табл.28x12,5mg",KRKA,81.00
187,"CARVETREND табл.28x12,5mg",PLIVA,81.00
188,"KARVEDILOL табл.30x12,5mg",REPLEK FARM,87.00
189,CORYOL табл.28x25mg,KRKA,113.00
190,CARVETREND табл.28x25mg,PLIVA,113.00
191,KARVEDILOL табл.30x25mg,REPLEK FARM,121.00
192,AMLOGAL табл.30x5mg,GALENIKA AD,28.00
193,MONOVAS табл.20x5mg,MN FARMACEUTICALS,19.00
194,AMLODIPIN табл.20x5mg,REPLEK AD,19.00
195,AMLODIPIN ALKALOID табл.30x5mg,ALKALOID AD,28.00
196,AMLODIPIN табл.30x5mg,JAKA 80,28.00
197,TENOX табл.30x5mg,KRKA,28.00
198,AMLOPIN табл.30x5mg,"LEK SKOPJE 
VO SORABOTKA SO LEK LJUBLJANA",28.00
199,AMLOGAL табл.30x10mg,GALENIKA AD,39.00
200,MONOVAS табл.20x10mg,MN FARMACEUTICALS,26.00
201,AMLODIPIN табл.20x10mg,REPLEK AD,26.00
202,AMLODIPIN ALKALOID табл.30x10mg,ALKALOID AD,39.00
203,AMLODIPIN табл.30x10mg,JAKA 80,39.00
204,TENOX табл.30x10mg,KRKA,39.00
205,AMLOPIN табл.30x10mg,"LEK SKOPJE 
VO SORABOTKA SO LEK LJUBLJANA",39.00
206,NIFADIL RETARD  филм обл.табл.со продолжено ослободување 30 x 20mg,ALKALOID AD,14.00
207,CORDIPIN R  филм обл.табл.со продолжено ослободување 30 x 20mg ,KRKA,14.00
208,NIFEDIPIN RETARD филм обл.табл.со продолжено ослободување 30 x 20mg,REPLEKFARM,14.00
209,CORDIPIN XL табл.со модифицирано ослободување 20 x 40mg,KRKA,19.00
210,VERAPAMIL ALKALOID  обл.табл. 30 x 40mg,ALKALOID AD,25.00
211,VERAPAMIL ALKALOID обл.табл. 30x 80mg,ALKALOID AD,31.00
212,VERAPAMIL обл.табл. 30 x 80mg,REPLEKFARM,31.00
213,VERAPAMIL RETARD ALKALOID филм обл.табл.со продолжено ослободување 20 x 240mg,ALKALOID AD,127.00
214,ALDIZEM табл.со продолжено ослободување 30 x 60mg,ALKALOID AD,29.00
215,ALDIZEM табл.со продолжено ослободување 30 x 90mg,ALKALOID AD,64.00
216,"ENAP табл. 20 x 2,5mg",KRKA,17.00
217,ENALAPRIL ALKALOID  табл. 20 x 5mg,ALKALOID AD,16.00
218,ENAP табл. 20 x 5mg,KRKA,16.00
219,ENALAPRIL 5  табл. 30 x 5mg,JAKA 80,24.00
220,RENAPRIL табл. 30 x 5mg,REPLEK FARM,24.00
221,ENALAPRIL ALKALOID  табл. 20 x 10 mg,ALKALOID AD,17.00
222,ENAP  табл. 20 x 10mg,KRKA,17.00
223,ENALAPRIL LEK табл. 20 x 10mg,"LEK SKOPJE 
VO SORABOTKA SO LEK LJUBLJANA",17.00
224,ENALAPRIL табл. 20 x 10mg,ZDRAVLJE,17.00
225,ENALAPRIL 10 табл. 30 x 10mg,JAKA 80,25.00
226,RENAPRIL табл. 30 x10mg,REPLEK FARM,25.00
227,ENALAPRIL ALKALOID  табл. 20 x 20 mg,ALKALOID AD,18.00
228,ENAP табл. 20 x 20mg ,KRKA,18.00
229,ENALAPRIL LEK табл. 20 x 20mg,"LEK-farmacevtska druzba
-Ljubljana",18.00
230,ENALAPRIL табл. 20 x 20mg,ZDRAVLJE,18.00
231,ENALAPRIL 20 табл. 30 x 20mg,JAKA 80,27.00
232,RENAPRIL табл. 30 x 20mg,REPLEK FARM,27.00
233,SKOPRYL табл.20x5mg ,ALKALOID AD,16.00
234,IRUMED табл.30x5mg,BELUPO,24.00
235,LIZINOPRIL табл.30x5mg,REPLEKFARM,24.00
236,SKOPRYL табл.20x10mg,ALKALOID AD,17.00
237,LOPRIL табл.30x10mg,BOSNALIJEK,25.00
238,IRUMED табл.30x10mg,BELUPO,25.00
239,LIZINOPRIL табл.30x10mg,REPLEKFARM,25.00
240,SKOPRYL табл.20x20mg,ALKALOID AD,18.00
241,LOPRIL табл.30x20mg,BOSNALIJEK,27.00
242,IRUMED табл.30x20mg,BELUPO,27.00
243,LIZINOPRIL табл.30x20mg,REPLEKFARM,27.00
244,LOSARTIC филм обл.табл.28x50mg,PLIVA,98.00
245,LOSARTAN ALKALOID филм обл.табл.30x50mg,ALKALOID AD,105.00
246,GALOSART филм обл.табл.30x50mg,GALENIKA AD,105.00
247,LORISTA филм обл.табл.30x50mg,KRKA,105.00
248,LOSARTAN филм обл.табл.30x50mg,REPLEK FARM,105.00
249,LOSARTAN ALKALOID филм обл.табл.30x100mg,ALKALOID AD,200.00
250,LORISTA филм обл.табл.30x100mg,KRKA,200.00
251,VASILIP филм обл.табл.28x10mg,KRKA,31.00
252,HOLLESTA филм обл.табл.30x10mg,ALKALOID AD,33.00
253,VASILIP филм обл.табл.28x20mg,KRKA,62.00
254,HOLLESTA филм обл.табл.30x20mg,ALKALOID AD,67.00
255,VASILIP филм обл.табл.28x40mg,KRKA,125.00
256,HOLLESTA филм обл.табл.30x40mg,ALKALOID AD,134.00
257,REVASTAT филм обл.табл.30x40mg,REPLEK FARM,134.00
258,TORVEX филм обл.табл.30x10mg,ALKALOID AD,50.00
259,COLASTIN-L филм обл.табл.30x10mg,DEVA HOLDING,50.00
260,ATOLIP филм обл.табл.30x10mg,GALENIKA AD,50.00
261,ATORIS филм обл.табл.30x10mg,KRKA,50.00
262,SORTIS филм обл.табл.30x10mg,PFIZER S.A.,50.00
263,ATORVOX филм обл.табл.30x10mg,PLIVA,50.00
264,ATORVASTATIN филм обл.табл.30x10mg,REPLEK FARM,50.00
265,TULIP филм обл.табл.30x10mg,LEK,50.00
266,TORVEX филм обл.табл.30x20mg,ALKALOID AD,100.00
267,COLASTIN-L филм обл.табл.30x20mg,DEVA HOLDING,100.00
268,ATOLIP филм обл.табл.30x20mg,GALENIKA AD,100.00
269,ATORIS филм обл.табл.30x20mg,KRKA,100.00
270,SORTIS филм обл.табл.30x20mg,PFIZER ,100.00
271,ATORVOX филм обл.табл.30x20mg,PLIVA,100.00
272,ATORVASTATIN филм обл.табл.30x20mg,REPLEK FARM,100.00
273,TULIP филм обл.табл.30x20mg,SANDOZ LEK,100.00
274,ATORIS филм обл.табл.30x30mg,KRKA,150.00
275,TORVEX филм обл.табл.30x40mg,ALKALOID AD,200.00
276,COLASTIN-L филм обл.табл.30x40mg,DEVA HOLDING,200.00
277,ATORIS филм обл.табл.30x40mg,KRKA,200.00
278,SORTIS филм обл.табл.30x40mg,PFIZER ,200.00
279,ATORVOX филм обл.табл.30x40mg,PLIVA,200.00
280,ATORVASTATIN филм обл.табл.30x40mg,REPLEK FARM,200.00
281,TULIP филм обл.табл.30x40mg,SANDOZ LEK,200.00
282,ATORIS филм обл.табл.30x60mg,KRKA,300.00
283,TORVEX филм обл.табл.30x80mg,ALKALOID AD,401.00
284,COLASTIN-L филм обл.табл.30x80mg,DEVA HOLDING,401.00
285,ATORIS филм обл.табл.30x80mg,KRKA,401.00
286,SORTIS филм обл.табл.30x80mg,PFIZER ,401.00
287,ATORVOX филм обл.табл.30x80mg,PLIVA,401.00
288,ATORVASTATIN филм обл.табл.30x80mg,REPLEK FARM,401.00
289,COLNAR-SANOVEL филм обл.табл.28x5mg,SANOVEL ilac ,47.00
290,ROPUIDO филм обл.табл.30x5mg,ALKALOID AD,50.00
291,ROSWERA филм обл.табл.30x5mg,KRKA,50.00
292,COUPET филм обл.табл.30x5mg,LEK,50.00
293,EPRI филм обл.табл.30x5mg,PLIVA/TEVA/MERCKLE,50.00
294,COLNAR-SANOVEL филм обл.табл.90x5mg,SANOVEL ilac ,150.00
295,PARAVANO филм обл.табл.30x5mg,HEMOFARM,50.00
296,PARAVANO филм обл.табл.30x10mg,HEMOFARM,100.00
297,ULTROX филм обл.табл.28x10mg,NOBEL ILAC,93.00
298,COLNAR-SANOVEL филм обл.табл.28x10mg,SANOVEL ilac ,93.00
299,ROPUIDO филм обл.табл.30x10mg,ALKALOID AD,100.00
300,ROSWERA филм обл.табл.30x10mg,KRKA,100.00
301,COUPET филм обл.табл.30x10mg,LEK,100.00
302,EPRI филм обл.табл.30x10mg,TEVA PHARMACEUTICALS INDUSTRIAL LTD,100.00
303,COLNAR-SANOVEL филм обл.табл.90x10mg,SANOVEL ilac ,300.00
304,ROSWERA филм обл.табл.30x15mg,KRKA,150.00
305,EPRI филм обл.табл.30x15mg,PLIVA/TEVA/MERCKLE,150.00
306,PARAVANO филм обл.табл.30x20mg,HEMOFARM,200.00
307,ULTROX филм обл.табл.28x20mg,NOBEL ILAC,187.00
308,COLNAR-SANOVEL филм обл.табл.28x20mg,SANOVEL ilac ,187.00
309,ROPUIDO филм обл.табл.30x20mg,ALKALOID AD,200.00
310,ROSWERA филм обл.табл.30x20mg,KRKA,200.00
311,COUPET филм обл.табл.30x20mg,LEK,200.00
312,EPRI филм обл.табл.30x20mg,TEVA PHARMACEUTICALS INDUSTRIAL LTD,200.00
313,COLNAR-SANOVEL филм обл.табл.90x20mg,SANOVEL ilac ,601.00
314,ROSWERA филм обл.табл.30x30mg,KRKA,300.00
315,EPRI филм обл.табл.30x30mg,PLIVA/TEVA/MERCKLE,300.00
316,COLNAR-SANOVEL филм обл.табл.28x40mg,SANOVEL ilac ,374.00
317,ROPUIDO филм обл.табл.30x40mg,ALKALOID AD,401.00
318,ROSWERA филм обл.табл.30x40mg,KRKA,401.00
319,COUPET филм обл.табл.30x40mg,LEK,401.00
320,EPRI филм обл.табл.30x40mg,TEVA PHARMACEUTICALS INDUSTRIAL LTD,401.00
321,COLNAR-SANOVEL филм обл.табл.90x40mg,SANOVEL ilac ,"1,202.00"
322,KASEN раствор 1% (20ml),JAKA 80,70.00
323,KASEN крем 10mg/g (20g),JAKA 80,50.00
324,MYCORIL крем 10mg/g (20g),REMEDICA,50.00
325,ANTIFUNGOL крем 10mg/g (50g),SALUTAS PHARMA,124.00
326,ECALIN Крема 10mg/g (30g),JAKA 80,119.00
327,CHLORAMPHENICOL ALKALOID маст 50mg/g (5g),ALKALOID AD,72.00
328,ARGEDIN BOSNALIJEK Крем 10mg/g (40g),BOSNALIJEK,73.00
329,SILVERDIN Крем 10mg/g (40g),DEVA HOLDING,73.00
330,DERMAZIN Крем 10mg/g (50g),"LEK SKOPJE 
VO SORABOTKA SO LEK LJUBLJANA",92.00
331,ACIKLOVIR ALKALOID крем 50mg/g (5g),ALKALOID AD,60.00
332,ACIKLOVIR крем 50mg/g (5g),ZDRAVLJE,60.00
333,HYDROCORTISON Маст 25mg/g (5g),GALENIKA AD,33.00
334,"BELODERM крем 0,5mg/g (15g)",BELUPO,24.00
335,"BETAMETAZON крем 0,5mg/g (15g)",REPLEKFARM,24.00
336,"BETAMETAZON крем 0,5mg/g (30g)",REPLEK FARM,47.00
337,"BELODERM маст 0,5mg/g (15g)",BELUPO,32.00
338,"BETAMETAZON маст 0,5mg/g (15g)",REPLEKFARM,32.00
339,"KUTERID маст 0,5mg/g (20g)","LEK SKOPJE 
VO SORABOTKA SO LEK LJUBLJANA",42.00
340,"BETAMETAZON маст 0,5mg/g (30g)",REPLEK FARM,63.00
341,DECOTAL крем 1mg/g (20g),ALKALOID AD,126.00
342,DECOTAL  маст 1mg/g (20g),ALKALOID AD,126.00
343,"ADVANTAN емулзија за кожа 0,1% (20 g)",BAYER PHARMA,160.00
344,"ADVANTAN Крем 0,1% (15g)",SCHERING S.A.,128.00
345,"ADVANTAN Маст 0,1% (15g)",SCHERING S.A.,128.00
346,"BELOSALIC лосион (0,5mg+20mg/ml) (50ml)",BELUPO,172.00
347,"BETASALIK лосион (0,5mg+20mg/ml) (50ml)",REPLEK FARM,172.00
348,"BELOSALIC маст (0,5mg+30mg/g) (30g)",BELUPO,103.00
349,"BETASALIK маст (0,5mg+30mg/g) (30g)",REPLEK FARM,103.00
350,FLAGYL вагитории 10x500mg,ALKALOID AD,101.00
351,MYCORIL ваг.табл.3x200mg,REMEDICA,72.00
352,MYCORIL ваг.табл.1x500mg,REMEDICA,87.00
353,"METHYLERGOMETRINE раствор 0,25mg/ml (10ml)",HEMOFARM,47.00
354,"BROMERGON табл.30x2,5mg","LEK SKOPJE 
VO SORABOTKA SO LEK LJUBLJANA",117.00
355,ESTROFEM табл. 28 x 1mg,NOVO NORDISK ,203.00
356,DABROSTON филм обл.табл. 30 x 10mg,ABBOTT LAB,460.00
357,PRIMOLUT-NOR табл. 30 x 5mg,BAYER,136.00
358,CLOMIFENE табл.10x50mg,REMEDICA,84.00
359,ANDROBAS табл. 50 x 50mg,BIONIKA Pharmaceuticals,"1,110.00"
360,ANDROCUR табл. 50 x 50mg,SCHERING S.A.,"1,110.00"
361,"DIANE-35  обл.табл. 21 x (2mg+0,035mg)",BAYER SHERING,186.00
362,SPASMEX FORTE табл.20x5mg,"LEK SKOPJE 
VO SORABOTKA SO LEK LJUBLJANA",103.00
363,SPAZMOTROSPIUM табл.20x5mg,REPLEK FARM,103.00
364,TAMLOS  капс.со модиф.ослоб. 30x400mcg,ALKALOID AD,154.00
365,BETAMSAL капс.со модиф.ослоб. 30x400mcg,HEMOFARM,154.00
366,TANYZ  капс.со модиф.ослоб. 30x400mcg,KRKA,154.00
367,TANYZ ERAS табл со продолжено ослободување 30x400mcg,KRKA,154.00
368,TAMPROST табл.со продолжено ослободување 30x400mcg,LEK,154.00
369,TAMSULOZIN капс.со прод.ослоб. 30x400mcg,PHARMAS,154.00
370,BAZETHAM табл со продолжено ослободување 30x400mcg,PLIVA,154.00
371,TAMSULOSIN Alvogen капс.со модиф.ослободување 30x400 mcg,SYNTHON BV,154.00
372,TAMSULOSIN PharmaS  капсули со модифицирано ослободување 30 x400mcg,SYNTON,154.00
373,KORNAM табл.30x2mg,LEK-farmacevtska druzba-Ljubljana,128.00
374,TERAZOSIN табл.30x2mg,REPLEK FARM,128.00
375,KORNAM табл.30x5mg,LEK-farmacevtska druzba-Ljubljana,195.00
376,TERAZOSIN табл.30x5mg,REPLEK FARM,195.00
377,FINPROS филм обл.табл. 28 x 5mg,KRKA,300.00
378,FINASTERID PharmaS филм обл.табл. 28 x 5mg,PHARMAS,300.00
379,FINASTER филм обл.табл. 30 x 5mg,"LEK-AM Pharmaceutical Company Ltd, Закрочим, Полска",321.00
380,FINASTERIDE LEK  филм обл.табл. 30 x 5mg,LEK (CIPLA),321.00
381,"LESTEDON капс. 30 x 0,5mg",ALKALOID AD,321.00
382,"DUTAPROST капс. 30 x 0,5mg",LABORATORIOS LEON FARMA,321.00
383,"UNAPROST капс. 30 x 0,5mg",GALENIUM HEALTH/CYN DEA PHARMA,321.00
384,"DUTRYS капс. 30 x 0,5mg",KRKA,321.00
385,"AVODART капс. 30 x 0,5mg",LABORATORIE GLAXOSMITHKLINE CATALENT GERMANY SCHORNDORT GMBH,321.00
386,"DUSTER капс. 30 x 0,5mg",PLIVA,321.00
387,"DATUST капс..30x0,5mg",HEMOFARM,321.00
388,"MINIRIN  назален спреј 0,1mg/ml (5ml) (50 дози)(10mcg/доза)",FERRING GMBH,"1,640.00"
389,"MINIRIN табл. 30 x 0,2mg ",FERRING GMBH,"2,100.00"
390,"DEXAMETHASON табл. 10 x 0,5mg",KRKA,20.00
391,"DEXASON табл. 50 x 0,5mg",GALENIKA AD,101.00
392,DEKSAMETAZON KRKA табл. 20 x 4mg,KRKA,487.00
393,DEKSAMETAZON KRKA табл. 20 x 8mg,KRKA,780.00
394,DEKSAMETAZON KRKA табл. 20 x 20mg,KRKA,"1,949.00"
395,DEKSAMETAZON KRKA табл. 20 x 40mg,KRKA,"3,119.00"
396,PREDNOL табл. 20 x 4 mg,MUSTAFA NEVZAT ILAC,76.00
397,PREDNOL табл. 20 x 16 mg,MUSTAFA NEVZAT ILAC,200.00
398,DECORTIN H 5 табл. 20 x 5mg,MERCK,72.00
399,DECORTIN H 20 табл. 50 x 20mg,MERCK,500.00
400,DECORTIN H 50 табл. 50 x 50mg,MERCK,"1,422.00"
401,EUTHYROX 25 табл.50x25mcg,MERCK,44.00
402,EUTHYROX 50 табл.50x50mcg,MERCK,48.00
403,EUTHYROX 75 табл.50x75mcg,MERCK,65.00
404,EUTHYROX 100 табл.50x100mcg,MERCK,51.00
405,PROPILTIOURACIL ALKALOID  табл.20 x 50mg,ALKALOID AD,130.00
406,PROPILTIOURACIL ALKALOID  табл. 45 x 100mg,ALKALOID AD,383.00
407,STRUMEX табл. 20 x 20mg,BOSNALIJEK,57.00
408,THYROZOL 20 филм обл.табл. 20 x 20mg,MERCK,57.00
409,MONODOKS  капс.14 x100mg,DEVA HOLDING,22.00
410,DEVADOX  капс.14 x100mg,DEVA HOLDING,22.00
411,DOXYCYCLINE ALKALOID капс.100x100mg,ALKALOID AD,160.00
412,DOKSICIKLIN капс.100x100mg,REPLEK FARM,160.00
413,ALMACIN сусп.250mg/5ml (100ml),ALKALOID AD,50.00
414,HICONCIL сусп.250mg/5ml (100ml),KRKA,50.00
415,OSPAMOX DT табл за перорална суспензија 16x500mg,SANDOZ,42.00
416,OSPAMOX DT табл за перорална суспензија 16x750mg,SANDOZ S.A.,63.00
417,OSPAMOX табл за перорална суспензија 14x1.000mg,SANDOZ S.A.,73.00
418,HICONCIL капс.16x250mg,KRKA,35.00
419,ALMACIN капс.16x500mg,ALKALOID AD,42.00
420,HICONCIL капс.16x500mg,KRKA,42.00
421,MOXILEN капс.16x500mg,MEDOCHEMIE  Ltd,42.00
422,MOXILEN капс.100x500mg,MEDOCHEMIE  Ltd,262.00
423,OSPEN сируп 750.000IU/5ml (60ml),SANDOZ,242.00
424,OSPEN  филм обл.табл.30x1MIU,SANDOZ,266.00
425,"OSPEN филм обл.табл.30x1,5MIU",SANDOZ,334.00
426,"AUGMENTIN сусп.(125+31,25)mg/5ml (100ml)",SMITHKLINE BEECHAM,83.00
427,"AUGMENTIN сусп.(250+62,5)mg/5ml (100ml)",SMITHKLINE BEECHAM,102.00
428,CO-ALMACIN сусп.(400+57)mg/5ml (70ml),ALKALOID AD,77.00
429,AMOKLAVIN BID FORTE сусп.(400+57)mg/5ml (70ml),DEVA HOLDING,77.00
430,AUGMENTIN сусп.(400+57)mg/5ml (70ml),GLAXOSMITHKLINE S.P.A.,77.00
431,PANKLAV 2X сусп.(400+57)mg/5ml (70ml),HEMOFARM,77.00
432,BETAKLAV сусп.(400+57)mg/5ml (70ml),KRKA/TAD Pharma,77.00
433,AMOKSIKLAV 2X сусп.(400+57)mg/5ml (70ml),"LEK SKOPJE 
VO SORABOTKA SO LEK LJUBLJANA",77.00
434,PANKLAV 2X сусп.(400+57)mg/5ml (140ml),HEMOFARM,154.00
435,"AMOKLAVIN ES сусп.(600+42,9)mg/5ml (100ml)",DEVA HOLDING,263.00
436,BETAKLAV филм обл.табл.10x(500+125)mg 625mg,KRKA/TAD PHARMA,70.00
437,AMOKSIKLAV 2X  филм обл.табл.10x(500+125)mg  625mg,SANDOZ LEK,70.00
438,BETAKLAV филм обл.табл.14x(500+125)mg 625mg,KRKA/TAD PHARMA,98.00
439,AUGMENTIN табл.20x(500+125)mg 625mg,GSK,140.00
440,PANKLAV филм обл.табл.20x(500+125)mg 625mg,HEMOFARM,140.00
441,CO-ALMACIN филм обл.табл.10x(875+125)mg 1g,ALKALOID AD,112.00
442,AMOKLAVIN BID филм обл.табл.10x(875+125)mg 1g,DEVA HOLDING,112.00
443,PANKLAV 2X филм обл.табл.10x(875+125)mg 1g,HEMOFARM,112.00
444,BETAKLAV филм обл.табл.10x(875+125)mg 1g,KRKA/TAD PHARMA,112.00
445,AMOKSIKLAV 2X филм обл.табл.10x(875+125)mg 1g,SANDOZ LEK,112.00
446,CO-ALMACIN филм обл.табл.14x(875+125)mg 1g,ALKALOID AD,156.00
447,AUGMENTIN табл.14x(875+125)mg 1g,GSK,156.00
448,PANKLAV 2X филм обл.табл.14x(875+125)mg 1g,HEMOFARM,156.00
449,BETAKLAV филм обл.табл.14x(875+125)mg 1g,KRKA/TAD PHARMA,156.00
450,AMOKSIKLAV 2X филм обл.табл.14x(875+125)mg 1g,SANDOZ LEK,156.00
451,CEFALEKSIN ALKALOID сусп.250mg/5ml (100ml),ALKALOID AD,93.00
452,CEFALEKSIN ALKALOID капс.16x500mg,ALKALOID AD,90.00
453,CEPHABOS капс.16x500mg,BOSNALIJEK,90.00
454,ALYCEF сусп.250mg/5ml (100ml),ALKALOID AD,173.00
455,ALYCEF капс.16x500mg,ALKALOID AD,226.00
456,ZINNAT сусп.125mg/5ml (50ml),GSK,172.00
457,CEFAKS сусп.250mg/5ml (100ml),DEVA HOLDING,452.00
458,ZINNAT табл.10x125mg,GLAXO WELLCOME UK LIMITED,49.00
459,CEFAKS филм обл.табл.10x250mg,DEVA HOLDING,98.00
460,ZINNAT табл.10x250mg,GLAXO WELLCOME S.A.,98.00
461,FUROCEF филм обл.табл.10x250mg,KRKA,98.00
462,CEFAKS филм обл.табл.10x500mg,DEVA HOLDING,196.00
463,ZINNAT табл.10x500mg,GLAXO WELLCOME S.A.,196.00
464,FUROCEF филм обл.табл.10x500mg,KRKA,196.00
465,XORIMAX табл.10x500mg,"LEK SKOPJE 
VO SORABOTKA SO LEK LJUBLJANA",196.00
466,MEGASEF табл.10x500mg,NOBEL ILAC,196.00
467,INCEPTUM-SANOVEL табл.10x500mg,SANOVEL ilac Sanayi ve Ticaret,196.00
468,CEFACLOR ALKALOID сусп.125mg/5ml (60ml),ALKALOID AD,113.00
469,ALFACET сусп.125mg/5ml (60ml),GALENIKA AD,113.00
470,CEFACLOR ALKALOID сусп.250mg/5ml (60ml),ALKALOID AD,158.00
471,ALFACET сусп.250mg/5ml (60ml),GALENIKA AD,158.00
472,ALFACET капс.16x250mg,GALENIKA AD,78.00
473,CEFACLOR ALKALOID капс.16x500mg,ALKALOID AD,157.00
474,ALFACET капс.16x500mg,GALENIKA AD,157.00
475,PANCEF сусп.100mg/5ml (100ml),ALKALOID AD,452.00
476,PANCEF табл.10x400mg,ALKALOID AD,635.00
477,TRIMOKSAZOL  сусп.(200+40)mg/5ml (120ml),REPLEK FARM,62.00
478,TRIMOKSAZOL табл. 20 x (400+80)mg,REPLEK FARM,41.00
479,ERYTHROMYCIN суспензија 250mg/5ml (100 ml),REMEDICA,191.00
480,ERITROMICIN капс. 16 x 250mg,BELUPO,104.00
481,ERYTHROMYCIN филм обл.табл. 20 x 250mg,REMEDICA,130.00
482,ERITROMYCIN филм обл.табл. 20 x 500 mg,REMEDICA,168.00
483,MACROPEN сусп.175mg/5ml (115ml),KRKA,181.00
484,MACROPEN филм обл.табл.16 x 400mg,KRKA,138.00
485,FROMILID сусп.125mg/5ml (60ml),KRKA,132.00
486,LEKOKLAR сусп.125mg/5ml (60ml),"LEK-farmacevtska druzba
-Ljubljana",132.00
487,FROMILID сусп.250mg/5ml (60ml),KRKA,245.00
488,LEKOKLAR сусп.250mg/5ml (60ml),LEK,245.00
489,FROMILID филм обл.табл.14x250mg,KRKA,102.00
490,UNIKLAR филм обл.табл.14x250mg,MN FARMACEUTICALS,102.00
491,CLARITROMYCIN филм обл.табл.14x250mg,REMEDICA,102.00
492,LEKOKLAR филм обл.табл.14x250mg,SANDOZ LEK,102.00
493,DEKLARIT филм обл.табл.14x500mg,DEVA HOLDING,204.00
494,FROMILID филм обл.табл.14x500mg,KRKA,204.00
495,UNIKLAR филм обл.табл.14x500mg,MN FARMACEUTICALS,204.00
496,CLARITROMYCIN филм обл.табл.14x500mg,REMEDICA,204.00
497,KLARICIN филм обл.табл.14x500mg,REPLEK FARM,204.00
498,LEKOKLAR филм обл.табл.14x500mg,SANDOZ LEK,204.00
499,FROMILID UNO табл.со модифицирано ослободување 7x500mg,KRKA,168.00
500,MERISTAT SANOVEL MR табл.со модифицирано ослободување 7x500mg,SANOVEL ilac Sanayi ve Ticaret,168.00
501,MERISTAT SANOVEL MR табл.со модифицирано ослободување 14x500mg,SANOVEL ilac Sanayi ve Ticaret,336.00
502,HEMOMYCIN сусп.100mg/5ml (20ml),HEMOFARM,108.00
503,SUMAMED сусп.100mg/5ml (20ml),PLIVA,108.00
504,AZIBIOT сусп.200mg/5ml (15ml),KRKA,65.00
505,SUMAMED FORTE сусп.200mg/5ml (15ml),PLIVA,65.00
506,HEMOMYCIN сусп.200mg/5ml (20ml),HEMOFARM,87.00
507,HEMOMYCIN сусп.200mg/5ml (30ml),HEMOFARM,130.00
508,AZIBIOT сусп.200mg/5ml (30ml),KRKA,130.00
509,AZOMEX сусп.200mg/5ml (15ml),BOSNALIJEK,65.00
510,HEMOMYCIN капс.6x250mg ,HEMOFARM,153.00
511,SUMAMED капс.6x250mg ,PLIVA,153.00
512,AZITRO филм обл.табл.6x250mg,DEVA HOLDING,153.00
513,AZIBIOT филм обл.табл.6 250mg,KRKA,153.00
514,AZITROMICIN филм обл.табл.3x500mg ,BELUPO,87.00
515,AZITRO филм обл.табл.3x500mg,DEVA HOLDING,87.00
516,HEMOMYCIN филм обл.табл.3x500mg,HEMOFARM,87.00
517,AZIBIOT филм обл.табл.3x500mg,KRKA,87.00
518,SUMAMED филм обл.табл.3x500mg ,PLIVA,87.00
519,AZIMED филм обл.табл.3x500mg ,REPLEK FARM,87.00
520,AZOMEX филм обл.табл.3x500mg,BOSNALIJEK,87.00
521,SUMAMED табл. за перорална сусп. 3x500mg ,PLIVA,87.00
522,KLINDAMICIN ALKALOID капс.16x150mg,ALKALOID AD,83.00
523,KLINDAMICIN ALKALOID капс.16x300mg,ALKALOID AD,146.00
524,CIPRINOL филм обл.табл.10x250mg,KRKA,26.00
525,RECIPROKS филм обл.табл.10x250mg,REPLEKFARM,26.00
526,CIPRO филм обл.табл.14x250mg,BIOPHARM,37.00
527,RECIPROKS филм обл.табл.20x250mg,REPLEK FARM,53.00
528,CITERAL филм обл.табл.10x500mg,ALKALOID AD,48.00
529,CIPROFLOKSACIN филм обл.табл.10x500mg,JAKA 80,48.00
530,CIPRINOL филм обл.табл.10x500mg,KRKA,48.00
531,RECIPROKS филм обл.табл.10x500mg,REPLEKFARM,48.00
532,CIPRO филм обл.табл.14x500mg,BIOPHARM,68.00
533,RECIPROKS филм обл.табл.20x500mg,REPLEK FARM,97.00
534,CIPRO филм обл.табл.14x750 mg,BIOFARMA,131.00
535,ABAKTAL табл. 10 x 400mg,"LEK SKOPJE 
VO SORABOTKA SO LEK LJUBLJANA",181.00
536,NOLICIN филм обл.табл.20x400mg,KRKA,116.00
537,NORFLOKSACIN филм обл.табл.20x400mg,REPLEK FARM,116.00
538,DIFLAZON капс. 7 x 50mg,KRKA,42.00
539,DIFLUKONAZOL капс. 7 x 50mg,REPLEK AD,42.00
540,DIFLUKONAZOL капс. 7 x 100mg,REPLEK AD,51.00
541,DIFLAZON капс. 1 x 150mg,KRKA,37.00
542,FLUKONAZOL капс. 1 x 150mg,"LEK SKOPJE 
VO SORABOTKA SO LEK LJUBLJANA",37.00
543,DIFLUKONAZOL капс. 1 x 150mg,REPLEK AD,37.00
544,DIFLUKONAZOL капс. 7 x 200mg,REPLEK AD,355.00
545,ORUNGAL капс. 15x 100 mg,JANSSEN PHARMACEUTICA,800.00
546,ACIKLOVIR табл.25x200mg,ZDRAVLJE,106.00
547,ACIKLOVIR ALKALOID табл.30x200mg,ALKALOID AD,127.00
548,COPEGUS филм.обл.табл. 168 x 200mg,F. HOFFMANN-LA ROCHE LTD,"15,449.00"
549,REBETOL капс. 168x200mg,SCHERING - PLOUGH (BRINNY) COMPANY,"15,449.00"
550,ZEFFIX филм.обл.табл. 28 x 100mg,GSK,"2,437.00"
551,"TAMOXIFEN ""EBEWE"" табл. 30 x 10mg",EBEWE ARZNEIMITTEL GMBH,110.00
552,TAMOXIFEN табл. 30 x 10mg,REMEDICA,110.00
553,TAMOXIFEN табл. 30 x 20mg,REMEDICA,201.00
554,FLUTASIN табл. 30 x 250mg ,S.C.SINDAN PHARMA SRL,476.00
555,FLUTASIN табл. 90 x 250mg,S.C.SINDAN PHARMA SRL,"1,427.00"
556,MYFORTIC табл. 120 x 180mg  ,NOVARTIS PHARM SERVICES,"4,715.00"
557,MYFORTIC табл. 120 x 360mg  ,NOVARTIS PHARM SERVICES,"11,641.00"
558,TRIXIN капс. 100 x 250mg,TEVA PHARMACEUTICALS INDUSTRIAL LTD,945.00
559,TRIXIN филм обл.табл. 50 x 500mg,TEVA PHARMACEUTICALS INDUSTRIAL LTD,945.00
560,CIKLOSPORIN ALKALOID капс.50x25mg,ALKALOID AD,925.00
561,EQUORAL капс.50x25mg,"IVAX-CR,A.S. ZA IVAX RESEARCH IN,MIAMI FL USA",925.00
562,SANDIMUN NEORAL капс.50x25mg,NOVARTIS PHARM SERVICES,925.00
563,CIKLOSPORIN ALKALOID капс.50x50mg,ALKALOID AD,"1,764.00"
564,EQUORAL капс.50x50mg,"IVAX-CR,A.S. ZA IVAX RESEARCH IN,MIAMI FL USA","1,764.00"
565,CIKLOSPORIN ALKALOID капс.50x100mg,ALKALOID AD,"3,371.00"
566,EQUORAL капс.50x100mg,"IVAX-CR,A.S. ZA IVAX RESEARCH IN,MIAMI FL USA","3,371.00"
567,"PROGRAF капс. 30x0,5mg",ASTELLAS IRELAND,682.00
568,"TACNI капс. 30x0,5mg",PLIVA,682.00
569,PROGRAF капс. 60x1mg,ASTELLAS IRELAND,"2,201.00"
570,TACNI капс. 60x1mg,PLIVA,"2,201.00"
571,PROGRAF капс. 30x5mg,ASTELLAS IRELAND,"6,691.00"
572,TACNI капс.30x5mg,PLIVA,"6,691.00"
573,IMUPRIN фим обл.табл.20x50mg,REMEDICA,182.00
574,IMUPRIN фим обл.табл.100x50mg,REMEDICA,910.00
575,INDOMETACIN капс. 30 x 25mg,BELUPO,59.00
576,RAPTEN-K обл.табл.10x50mg,HEMOFARM,8.00
577,VOLTAREN RAPID обл.табл.10x50mg,PLIVA,8.00
578,DIKLOFEN табл.20x50mg,GALENIKA AD,17.00
579,NAKLOFEN табл.20x50mg,KRKA,17.00
580,VOLTAREN FORTE  филм обл.табл. 20 x 50mg,NOVARTIS Urunleri,17.00
581,DIKLOFENAK FORTE филм обл.табл.30 x 50mg,REPLEKFARM,25.00
582,DICLO DUO капс.со прод.ослоб.20x75mg,ALKALOID AD,52.00
583,DICLOJET капс.со прод.ослоб.20x75mg,ALKALOID AD,52.00
584,NAKLOFEN DUO капс.со прод.ослоб.20x75mg,KRKA,52.00
585,RAPTEN DUO табл.со модиф.ослоб.30x75mg,HEMOFARM,77.00
586,DIKLOFEN RETARD табл.со прод.ослоб.20x100mg,GALENIKA AD,27.00
587,NAKLOFEN RETARD табл.со прод.ослоб 20 x 100mg,KRKA,27.00
588,VOLTAREN RETARD филм обл. табл. со прод ослоб. 20x100mg,NOVARTIS Pharma SPA,27.0000
589,DIKLOFENAK RETARD филм обл.табл.со прод.ослоб.20x100mg,REPLEKFARM,27.00
590,RAPTEN FORTE табл.со модиф.ослоб.20x100mg,HEMOFARM,27.00
591,BRUFEN сируп 100mg/5ml (100ml),ABBVIE,53.00
592,BLOKMAX for kids сируп 100mg/5ml (100 ml),ALKALOID AD,53.00
593,NEOFEN сируп 100mg/5ml (100ml),BELUPO,53.00
594,IBUPROFEN AKTIV сируп 100mg/5ml (100ml),REPLEK FARM,53.00
595,AKTIFEN KIDS сируп 100mg/5ml (100 ml),REPLEKFARM,53.00
596,BLOKMAX филм обл.табл.10x200mg,ALKALOID AD,6.00
597,CAFFETIN MENSTRUAL филм обл.табл.10x200mg,ALKALOID AD,6.00
598,NEOFEN DIRECT перорална дисп.табл.10x200mg,BELUPO,6.00
599,AKTIFEN филм обл.табл. каплета 10x200mg,REPLEK FARM,6.00
600,AKTIFEN филм обл.табл. каплета 20x200mg,REPLEK FARM,11.00
601,IBUPROFEN AKTIV обл.табл.30x200mg,REPLEK FARM,17.00
602,BLOKMAX FORTE филм обл.табл.10x400mg,ALKALOID AD,11.00
603,NEOFEN FORTE филм обл.табл.10x400mg,BELUPO,11.00
604,AKTIFEN филм обл.табл. каплета 10x400mg,REPLEK FARM,11.00
605,AKTIFEN филм обл.табл. каплета 20x400mg,REPLEK FARM,23.00
606,BRUFEN обл.табл.30x400mg,FAMAR S.A.,34.00
607,IBUPROFEN AKTIV обл.табл.30x400mg,REPLEK FARM,34.00
608,DAFEN филм обл.табл.30x600mg,ZADA Pharmceuticals,52.00
609,NIFLAM капс. 20 x 50mg,ALKALOID AD,23.00
610,KETOPROFEN  капс. 20 x 50mg,REPLEK FARM,23.00
611,KETOPROFEN FORTE филм обл.табл. 20 x 100mg,REPLEK FARM,46.00
612,KETONAL FORTE филм обл.табл. 20 x 100mg,SANDOZ LEK,46.00
613,KETOPROFEN FORTE филм обл.табл. 30 x 100mg,REPLEKFARM,69.00
614,KETOPROFEN табл.со прод.ослоб. 20 x 150mg,REPLEK FARM,69.00
615,KETOPROFEN RETARD табл.со прод.ослоб. 30 x 150mg,REPLEKFARM,103.00
616,KETOPROFEN RETARD табл.со прод.ослоб. 20 x 200mg,REPLEK FARM,89.00
617,KETOPROFEN RETARD табл.со прод.ослоб. 30 x 200mg,REPLEK FARM,134.00
618,KETONAL супп.12 x 100mg,"LEK SKOPJE 
VO SORABOTKA SO LEK LJUBLJANA",81.00
619,ALOPURINOL табл.40x100mg,HEMOFARM,51.00
620,ALOPURINOL табл.100x100mg,BELUPO,128.00
621,ALOPURINOL табл.100x200mg,BELUPO,267.00
622,BONEFOS капс.100x400mg,BAYER PHARMA,"6,969.00"
623,POROXIFEN табл.4x70mg,HEMOFARM,295.00
624,ALENDOR 70 табл.4x70mg,PLIVA,295.00
625,IBANDRONIC ACID ALKALOID филм обл.табл. 1 x 150mg,ALKALOID AD,315.00
626,ALVODRONIC филм обл.табл. 1 x 150mg,ALVOGEN PHARMA,315.00
627,BONVIVA табл. 1 x 150mg,F. HOFFMANN-LA ROCHE LTD,315.00
628,IBANDRONAT PharmaS филм обл.табл. 1 x 150mg,PHARMAS,315.00
629,IBANDRONAT LEK филм обл.табл. 1 x 150mg,PHARMATE N (LEK),315.00
630,BONNEDRA филм обл.табл. 1 x 150mg,PLIVA,315.00
631,ACTONEL филм обл.табл. 4x35mg ,SANOFI AVENTIS,501.00
632,FOSAVANCE табл.4x70mg/5.600IU,FROST,501.00
633,NOVAMORF сублингвална таблета 20x20 mg,ALKALOID AD,555.00
634,TRAMADOL перорални капки 100mg/ml(10ml),KRKA,74.00
635,TRAMADOL ALKALOID  капс. 20 x 50mg ,ALKALOID AD,60.00
636,TRAMADOL капс. 20 x 50mg ,JAKA 80,60.00
637,TRAMADOL капс. 20 x 50mg ,KRKA,60.00
638,TRAMADOL R табл.со продолжено ослободување 30 x 100mg ,KRKA,198.00
639,ANDOL табл.20x300mg ,PLIVA,46.00
640,ANBOL табл.20x300mg ,GALENIKA AD,46.00
641,ADOLOR KIDS сируп 30mg/1ml (100ml),REPLEKFARM,72.00
642,EFFERALGAN PAEDIATRIC сируп 30mg/1ml (90ml),UPSA SAS ,65.00
643,PARACETAMOL ALKALOID сируп 120mg/5ml (100ml),ALKALOID AD,68.00
644,PARACETAMOL сируп 120mg/5ml (100ml),BOSNALIJEK,68.00
645,DALERON сируп 120mg/5ml (100ml),KRKA,68.00
646,PARACETAMOL сируп 120mg/5ml (100ml),PROFARMA,68.00
647,PARACETAMOL сируп 120mg/5ml (100ml),REPLEK FARM,68.00
648,PANADOL BABY сируп 120mg/5ml (100ml),SMITHKLINE BEECHAM,68.00
649,PARACETAMOL сируп 120mg/5ml (100ml),GALENIKA AD,68.00
650,PANADOL филм обл.табл.12x500mg,GSK,12.00
651,DALERON табл.12x500mg,KRKA,12.00
652,LEKADOL филм обл.табл.18x500mg,LEK,18.00
653,PARACETAMOL ALKALOID табл.500x500mg,ALKALOID AD,499.00
654,DALERON табл.500x500mg,KRKA,499.00
655,PARACETAMOL табл.500x500mg,REPLEK FARM,499.00
656,PARACETAMOL табл.20x500mg,GALENIKA AD,20.00
657,EFFERALGAN супп.10x80mg,BRISTOL-MYERS,50.00
658,PARACETAMOL супп.10x125mg,PROFARMA Sh.a,34.00
659,EFFERALGAN супп.10x150mg,BRISTOL-MYERS,74.00
660,PARACETAMOL супп.10x250mg,PROFARMA Sh.a,68.00
661,PARACETAMOL супп.10x300mg,REPLEK AD,82.00
662,PHENOBARBITAL ALKALOID  табл. 30 x 15mg,ALKALOID AD,42.00
663,PHENOBARBITON табл. 10 x 100mg,PLIVA,39.00
664,PHENOBARBITAL ALKALOID  табл. 30 x 100mg,ALKALOID AD,117.00
665,PHENOBARBITON табл. 30 x 100mg,HEMOFARM,117.00
666,TEGRETOL табл.50x200mg,NOVARTIS Pharma SPA,107.00
667,CARBAMAZEPIN табл.50x200mg,REMEDICA,107.00
668,TEGRETOL CR табл.со прод.ослоб.30x400mg,NOVARTIS  FARM S.p.A,235.00
669,CARBAMAZEPIN-RETARD филм обл.табл.со прод.ослоб.30x400mg,REMEDICA,235.00
670,TRILEPTAL филм обл.табл. 50x300 mg,NOVARTIS PHARM SERVICES,460.00
671,OXALEPT филм обл.табл. 50x300 mg,PLIVA,460.00
672,TRILEPTAL филм обл.табл. 50x600 mg,NOVARTIS PHARM SERVICES,736.00
673,OXALEPT филм обл.табл. 50x600 mg,PLIVA,736.00
674,"DEPAKINE сируп 57,64 mg/1ml (150ml)",UNITHER LIQUID,214.00
675,VALPROAT RATIOPHARM CHRONO табл.со прод.ослоб. 100 x300mg,MERCKLE,319.00
676,DEPAKINE CHRONO филм обл.табл.со прод.ослоб.  100 x 300mg,SANOFI AVENTIS,319.00
677,VALPROATЕ DE SODIUM TEVA SANTE LP табл.со прод.ослоб. 30 x 500mg,MERCKLE,154.00
678,"DEPAKINE CHRONO 
филм обл.табл.со прод.ослоб. 30 x 500mg",SANOFI AVENTIS,154.00
679,LAMAL табл. 30 x 25mg,ALKALOID AD,111.00
680,LAMAL табл. 30 x 50 mg,ALKALOID AD,171.00
681,LAMAL табл. 30 x 100 mg,ALKALOID AD,356.00
682,TOPAMAX табл.28 x 25mg,CILAG AG,120.00
683,EPIRAMAT филм обл.табл.60 x 25mg,PLIVA,257.00
684,TOPAMAX табл.28 x 50mg,CILAG AG,240.00
685,EPIRAMAT филм обл.табл.60 x 50mg,PLIVA,515.00
686,TOPAMAX табл.28 x 100mg,CILAG AG,481.00
687,EPIRAMAT филм обл.табл.60 x 100mg,PLIVA,"1,030.00"
688,KEPPRA раствор за орална употреба 100 mg/ml (300ml),UCB S.A,"2,314.00"
689,LYVAM  филм обл.табл.60x250mg,ALKALOID AD,279.00
690,TINALVO филм обл.табл.60x250mg,ALVOGEN PHARMA,279.00
691,QUETRA филм обл.табл.60x250mg,REMEDICA,279.00
692,KEPPRA филм обл.табл.60x250mg,UCB S.A,279.00
693,LYVAM филм обл.табл.60x500mg,ALKALOID AD,472.00
694,QUETRA филм обл.табл.60x500mg,REMEDICA,472.00
695,KINEPTIA филм обл.табл.60x500mg,"SALUTAS/SANDOZ
/LEK",472.00
696,KEPPRA филм обл.табл.60x500mg,UCB S.A,472.00
697,LYVAM филм обл.табл.60x750mg,ALKALOID AD,836.00
698,QUETRA филм обл.табл.60x750mg,REMEDICA,836.00
699,LYVAM филм обл.табл.60x1.000mg,ALKALOID AD,914.00
700,QUETRA филм обл.табл.60x1.000mg,REMEDICA,914.00
701,KINEPTIA филм обл.табл.60x1.000mg,"SALUTAS/SANDOZ
/LEK",914.00
702,KEPPRA филм обл.табл.60x1.000mg,UCB S.A,914.00
703,MENDILEX табл.50x2mg,ALKALOID AD,144.00
704,BIPERIDEN табл.60x2mg,REPLEKFARM,173.00
705,NAKOM табл.100 x (250mg+25mg),LEK,662.00
706,LEVODOPA /CARBIDOPAтабл. 100 x (250mg+25mg),REMEDICA,662.00
707,LEVODOPA + KARBIDOPA табл. 100 x (250mg+25mg),REPLEK FARM,662.00
708,"STALEVO филм обл.табл. 100 x (50mg+12,5mg+200mg)","ORION CORPORATION,ORION PHARMA ESPOO","3,231.00"
709,STALEVO филм обл.табл. 100 x (100mg+25mg+200mg),"ORION CORPORATION,ORION PHARMA ESPOO","3,940.00"
710,"STALEVO филм обл.табл. 100 x (150mg+37,5mg+200mg)","ORION CORPORATION,ORION PHARMA ESPOO","3,465.00"
711,"OPRYMEA табл.30x0,25mg",KRKA,132.00
712,"PRAMIPEKSOL PLIVA табл.30x0,25mg",PLIVA,132.00
713,OPRYMEA табл.30x1mg,KRKA,664.00
714,PRAMIPEKSOL PLIVA табл.30x1mg,PLIVA,664.00
715,"MIRAPEXIN табл.со продолжено ослободување 10x0,375mg",BOEHRINGER INGELHEIM PHARMA,87.00
716,"OPRYMEA табл.со продолжено ослободување 10x0,375mg",KRKA,87.00
717,"PRAMIPEKSOL PLIVA табл.со продолжено ослободување 30x0,375mg",Laboratorios Norman S.A./ FERRER Internacional S.A/ TEVA Pharma B.V,260.00
718,"MIRAPEXIN табл.со продолжено ослободување 30x0,75mg",BOEHRINGER INGELHEIM PHARMA,522.00
719,"OPRYMEA табл.со продолжено ослободување 30x0,75mg",KRKA,522.00
720,"PRAMIPEKSOL PLIVA табл.со продолжено ослободување 30x0,75mg",Laboratorios Norman S.A./ FERRER Internacional S.A/ TEVA Pharma B.V,522.00
721,"MIRAPEXIN табл.со продолжено ослободување 30x1,5mg",BOEHRINGER INGELHEIM PHARMA,949.00
722,"OPRYMEA табл.со продолжено ослободување 30x1,5mg",KRKA,949.00
723,"PRAMIPEKSOL PLIVA табл.со продолжено ослободување 30x1,5mg",Laboratorios Norman S.A./ FERRER Internacional S.A/ TEVA Pharma B.V,949.00
724,"OPRYMEA табл.со продолжено ослободување 30x2,25mg",KRKA,"2,324.00"
725,MIRAPEXIN табл.со продолжено ослободување 30x3mg,BOEHRINGER INGELHEIM PHARMA,"1,708.00"
726,OPRYMEA табл.со продолжено ослободување 30x3mg,KRKA,"1,708.00"
727,PRAMIPEKSOL PLIVA табл.со продолжено ослободување 30x3mg,Laboratorios Norman S.A./ FERRER Internacional S.A/ TEVA Pharma B.V,"1,708.00"
728,NOZINAN филм обл.табл. 20 x 25mg,ALKALOID AD,134.00
729,NOZINAN филм обл.табл. 100 x 25mg,ALKALOID AD,671.00
730,NOZINAN филм обл.табл. 20 x 100mg,ALKALOID AD,246.00
731,NOZINAN филм обл.табл. 100 x 100mg,ALKALOID AD,"1,228.00"
732,MODITEN обл.табл.25x1mg,KRKA,29.00
733,"MODITEN обл.табл.100x2,5mg",KRKA,288.00
734,MODITEN обл.табл.100x5mg,KRKA,597.00
735,HALOPERIDOL KRKA табл. 25 x 2mg,KRKA,46.00
736,HALOPERIDOL табл. 25 x 2mg,REPLEK FARM,46.00
737,HALDOL табл. 30 x 10mg,KRKA,141.00
738,HALOPERIDOL табл. 30 x 10mg,REPLEK FARM,141.00
739,LEPONEX табл. 50 x 25mg,MYLAN,319.00
740,CLOZAPINE табл.50 x 25mg,REMEDICA,319.00
741,LEPONEX табл. 50 x100mg,MYLAN,882.00
742,CLOZAPINE табл.50 x 100mg,REMEDICA,882.00
743,ZALASTA Q-tab ородисперзибилни таблети 28x5mg,KRKA,205.00
744,ZALASTA табл.28x5mg,KRKA,205.00
745,OLANDIX ородисперзибилни таблети 28x5mg,PLIVA,205.00
746,ZAPILUKS филм обл.табл.28x5mg,SALUTAS/SANDOZ,205.00
747,OFERTA-SANOVEL филм обл.табл.28x5mg,SANOVEL ilac Sanayi ve Ticaret,205.00
748,OLANZAPIN филм обл.табл.30x5mg,REPLEK FARM,220.00
749,"OFERTA-SANOVEL филм обл.табл.28x7,5mg",SANOVEL ilac Sanayi ve Ticaret,423.00
750,ZALASTA Q-tab ородисперзибилни таблети 28x10mg,KRKA,386.00
751,ZALASTA табл.28x10mg,KRKA,386.00
752,OLANDIX ородисперзибилни таблети 28x10mg,PLIVA,386.00
753,ZAPILUKS филм обл.табл.28x10mg,SALUTAS/SANDOZ,386.00
754,OFERTA-SANOVEL филм обл.табл.28x10mg,SANOVEL ilac Sanayi ve Ticaret,386.00
755,OLANZAPIN филм обл.табл.30x10mg,REPLEK FARM,414.00
756,ZALASTA Q-tab перорална дисп.табл.28x15mg,KRKA,846.00
757,ZALASTA Q-tab перорална дисп.табл.28x20mg,KRKA,"1,128.00"
758,"TORENDO Q-Tab перорални дисперзибилни таблети 30x0,5mg",KRKA,90.00
759,RISPERIDON ALKALOID филм обл.табл.20x1mg,ALKALOID AD,42.00
760,RISSET филм обл.табл.20x1mg,PLIVA,42.00
761,RISPERIDON филм обл.табл.20x1mg,REPLEK FARM,42.00
762,TORENDO Q-Tab перорални дисперзибилни таблети 30x1mg,KRKA,63.00
763,TORENDO филм обл.табл.30x1mg,KRKA,63.00
764,RISPERIDON ALKALOID филм обл.табл.20x2mg,ALKALOID AD,71.00
765,RICUS филм обл.табл.20x2mg,BIOFARM,71.00
766,RISSET филм обл.табл.20x2mg,PLIVA,71.00
767,RISPERIDON филм обл.табл.20x2mg,REPLEK FARM,71.00
768,TORENDO Q-Tab перорални дисперзибилни таблети 30x2mg,KRKA,106.00
769,TORENDO филм обл.табл.30x2mg,KRKA,106.00
770,RISPERIDON ALKALOID филм обл.табл.20x3mg,ALKALOID AD,103.00
771,RISPERIDON филм обл.табл.20x3mg,REPLEK FARM,103.00
772,TORENDO филм обл.табл.30x3mg,KRKA,155.00
773,RISPERIDON филм обл.табл.20x4mg,REPLEK FARM,141.00
774,TORENDO филм обл.табл.30x4mg,KRKA,211.00
775,DIAZEPAM ALKALOID обл.табл.30x2mg,ALKALOID AD,10.00
776,DIAZEPAM обл.табл.30x2mg,REPLEK FARM,10.00
777,DIAZEPAM ALKALOID обл.табл.30x5mg,ALKALOID AD,24.00
778,DIAZEPAM табл.30x5mg,JAKA 80,24.00
779,APAURIN табл.30x5mg,KRKA,24.00
780,DIAZEPAM обл.табл.30x5mg,REPLEK FARM,24.00
781,DIAZEPAM табл.30x10mg,JAKA 80,48.00
782,APAURIN табл.30x10mg,KRKA,48.00
783,DIAZEPAM табл.30x10mg,REPLEKFARM,48.00
784,"LEXILIUM табл.30x1,5mg",ALKALOID AD,7.00
785,"LEKSAN табл.30x1,5mg",REPLEK AD,7.00
786,LEXILIUM табл.30x3mg,ALKALOID AD,14.00
787,LEKSAN табл.30x3mg,REPLEK FARM,14.00
788,LEXILIUM табл.30x6mg,ALKALOID AD,29.00
789,LEKSAN табл.30x6mg,REPLEK AD,29.00
790,"MAPRAZAX табл.30x0,25mg",ALKALOID AD,12.00
791,"HELEX табл.30x0,25mg",KRKA,12.00
792,"XANAX табл.30x0,25mg",PFIZER S.A.,12.00
793,"ALPRAZOLAM табл.30x0,25mg",REPLEK FARM,12.00
794,"MAPRAZAX табл.30x0,5mg",ALKALOID AD,24.00
795,"HELEX табл.30x0,5mg",KRKA,24.00
796,"XANAX табл.30x0,5mg",PFIZER S.A.,24.00
797,"ALPRAZOLAM табл.30x0,5mg",REPLEK FARM,24.00
798,MAPRAZAX табл.30x1mg,ALKALOID AD,48.00
799,HELEX табл.30x1mg,KRKA,48.00
800,ALPRAZOLAM табл.30x1mg,REPLEK FARM,48.00
801,"HELEX SR табл.со модиф.ослоб.30x0,5mg",KRKA,48.00
802,HELEX SR табл.со модиф.ослоб.30x1mg,KRKA,95.00
803,HELEX SR табл.со модиф.ослоб.30x2mg,KRKA,191.00
804,FLUZEPAM капс.10 x 15mg,KRKA,69.00
805,FLUZEPAM капс.10 x 30mg,KRKA,95.00
806,LUNATA филм обл.табл. 10 x 5mg ,ALKALOID AD,20.00
807,ZOLSANA филм обл.табл. 20 x 5mg ,KRKA,40.00
808,LUNATA филм обл.табл. 10 x 10mg ,ALKALOID AD,39.00
809,SANVAL филм обл.табл. 20 x 10mg ,"LEK SKOPJE 
VO SORABOTKA SO LEK LJUBLJANA",78.00
810,ZOLSANA филм обл.табл. 20 x 10mg ,KRKA,78.00
811,AMYZOL филм обл.табл.100x10mg,"LEK SKOPJE 
VO SORABOTKA SO LEK LJUBLJANA",89.00
812,AMYZOL филм обл.табл.30x25mg,"LEK SKOPJE 
VO SORABOTKA SO LEK LJUBLJANA",50.00
813,AMITRIPTYLINE филм обл.табл.30x25mg,REMEDICA,50.00
814,FLUNISAN табл. 30 x 20mg,HEMOFARM,63.00
815,PAROKSETIN филм обл.табл.30x20mg,ZDRAVLJE,168.00
816,SEROXAT филм обл.табл.30x20mg,GSK,168.00
817,PAROKSETIN PharmaS филм обл.табл.30x20mg,PHARMAS,168.00
818,DEPROZEL филм обл.табл.30x20mg,PLIVA,168.00
819,PAROKSETIN филм обл.табл.30x20mg,REPLEK FARM,168.00
820,PAROXETIN ALKALOID  филм обл.табл.30x20mg,ALKALOID AD,168.00
821,PAROKSETIN PharmaS филм обл.табл.30x30mg,PHARMAS,285.00
822,PAROKSETIN филм обл.табл.30x30mg,REPLEK FARM,285.00
823,TRAGAL филм обл.табл.28x50mg,GALENIKA AD,87.00
824,ZOLOFT филм обл.табл.28x50mg,HAUPT PHARM,87.00
825,SIDATA филм обл.табл.28x50mg,HEMOFARM,87.00
826,ASENTRA филм обл.табл.28x50mg,KRKA,87.00
827,MISOL филм обл.табл.28x50mg,NOBEL ILAC,87.00
828,LUXETA филм обл.табл.30x50mg,PLIVA,93.00
829,TRAGAL филм обл.табл.28x100mg,GALENIKA AD,300.00
830,ZOLOFT филм обл.табл.28x100mg,HAUPT PHARM,300.00
831,ASENTRA филм обл.табл.28x100mg,KRKA,300.00
832,"VELAFAX  таблети 28 x 37,5 mg",PLIVA,141.00
833,"ZANFEXA таблети 30 x 37,5 mg",ALKALOID AD,151.00
834,ZANFEXA таблети 30 x 50 mg,ALKALOID AD,202.00
835,VELAFAX  таблети 28 x 75 mg,PLIVA,283.00
836,ZANFEXA таблети 30 x 75 мг,ALKALOID AD,303.00
837,"ALVENTA капс. со модифицирано осл. 28 x 37,5 mg.",KRKA,148.00
838,"ZANFEXA XR капс. со модифицирано осл. 30 x 37,5 mg.",ALKALOID AD,159.00
839,ALVENTA капс. со модифицирано осл. 28 x 75 mg.,KRKA,173.00
840,VELAFAX XL капс. со продолжено осл. 28 x 75 mg.,PLIVA,173.00
841,ZANFEXA XR капс. со продолжено осл. 30 x 75 mg.,ALKALOID AD,185.00
842,ALVENTA капс. со модифицирано осл. 28 x 150 mg.,KRKA,275.00
843,VELAFAX XL капс. со продолжено осл. 28 x 150 mg.,PLIVA,275.00
844,ZANFEXA XR капс. со продолжено осл. 30 x 150 mg.,ALKALOID AD,294.00
845,DOENZA-SANOVEL филм обл. Табл. 14X5 mg,SANOVEL ilac Sanayi ve Ticaret,268.00
846,ZILDON филм обл. Табл. 28X5 mg,LEK,536.00
847,CIPOZEL перорални дисперзибилни таблети 28X5mg,PLIVA,536.00
848,YASNAL филм обл. Табл. 30X5 mg,KRKA,574.00
849,DOPEZAL филм обл. табл. 28X5 mg,ALKALOID AD,536.00
850,ZILDON филм обл. табл. 28x10 mg,LEK,638.00
851,CIPOZEL перорални дисперзибилни таблети 28x10mg,PLIVA,638.00
852,DOENZA-SANOVEL филм обл. табл. 28x10 mg,SANOVEL ilac Sanayi ve Ticaret,638.00
853,YASNAL филм обл. табл. 30x10 mg,KRKA,683.00
854,DOPEZAL филм обл. табл. 28x10 mg,ALKALOID AD,638.00
855,MESTINON табл.20 x 60mg,ICN Polfa Rzesow S.A.,294.00
856,MESTINON табл.150 x 60mg,ICN Polfa Rzesow S.A.,"2,205.00"
857,CINEDIL табл.45x75mg,ALKALOID AD,51.00
858,CINARIZIN FORTE табл.50x75mg,JAKA 80,57.00
859,STUGERON FORTE табл.50x75mg,KRKA,57.00
860,FLAGYL табл.20x250mg,ALKALOID AD,63.00
861,EFLORAN филм обл.табл.10x400mg,KRKA,19.00
862,FLAGYL филм обл.табл.20x400mg,ALKALOID AD,38.00
863,ORVAGIL филм обл.табл.20x400mg,GALENIKA AD,38.00
864,ALBENDAZOL ALKALOID  филм обл.табл.6x200mg,ALKALOID AD,112.00
865,ALBENDAZOL ALKALOID  филм обл.табл.60x200mg,ALKALOID AD,"1,125.00"
866,TAFEN назален спреј 50mcg/дозa (200 дози) (10ml),"LEK SKOPJE 
VO SORABOTKA SO LEK LJUBLJANA",266.00
867,FLIXONASE назален спреј 50 mcg/доза (120дози),GSK,273.00
868,RINOCO назален спреј 50 mcg/доза (120дози),"IVAX-CR,A.S. ZA IVAX RESEARCH IN,MIAMI FL USA",273.00
869,"VENTOLIN Аеросол 0,1mg/доза (200дози)","GSK PHARMACEUTICALS, 
POLSKA VO SORABOTKA SO GW S.A",110.00
870,"VENTOALDO Аеросол 0,1mg/доза (200 дози)","LABORATORIO ALDO-UNIO, S.A Barcelona ",110.00
871,VENTOLIN раствор за инхалација 5mg/ml (20ml),GLAXO WELLCOME UK LIMITED,164.00
872,"SALBUAIR раствор за инхалација 60 x  2,5mg/2,5ml (2,5ml)",LABORATOIRE UNITHER,616.00
873,SALBUTAMOL ALKALOID сируп 2mg/5ml (150ml),ALKALOID AD,54.00
874,VENTOLIN сир. 2mg/5ml (150ml),GLAXO WELLCOME S.A.,54.00
875,SALBUTAMOL ALKALOID табл.60 x 2mg,ALKALOID AD,36.00
876,"SERETIDE DISKUS прашок за инхалирање
50mcg+100 mcg (60 дози) ",GSK,"1,038.00"
877,SERETIDE DISKUS (60 дози) прашок за инхалирање 50mcg+250 mcg,GLAXOSMITHKLINE S.P.A.,"1,617.00"
878,AIRFLUSAL FORSPIRO прашок за инхалирање (60 дози) 50mcg+250 mcg,LEK-SALUTAS,"1,617.00"
879,SERETIDE DISKUS (60 дози) прашок за инхалирање 50mcg+500 mcg,GLAXOSMITHKLINE S.P.A.,"2,153.00"
880,AIRFLUSAL FORSPIRO прашок за инхалирање (60 дози) 50mcg+500 mcg,LEK-SALUTAS,"2,153.00"
881,"DUORESP SPIROMAX прашок за инхалирање  160mcg+4,5mcg (120 дози)",TEVA,"1,867.00"
882,DUORESP SPIROMAX прашок за инхалирање  320mcg+9mcg (60 дози),TEVA,"1,867.00"
883,FOSTER прашок за инхалирање 6mcg/100mcg (180 дози) ,CHIESI FARMACEUTICI SPA,"2,715.00"
884,FOSTER прашок за инхалирање 6mcg/200mcg (180 дози) ,CHIESI FARMACEUTICI SPA,"3,451.00"
885,FLIXOTIDE аеросол 50mcg/доза (120 дози),SMITHKLINE BEECHAM,373.00
886,FLIXOTIDE аеросол 125mcg/доза (120 дози),GSK,630.00
887,KORDAH  аеросол 125mcg/доза (120 дози),"S & D Pharma CZ,spol. s.r.o",630.00
888,KORDAH  аеросол 250mcg/доза (120 дози),"S & D Pharma CZ,spol. s.r.o",997.00
889,"SPIRIVA RESPIMAT раствор за инхалирање, (4 ml/60 inh/30дози) 2,5mcg/инхалација",BOEHRINGER INGELHEIM PHARMA,"1,174.00"
890,"BRALTUS прашок за инхалирање, капсула 13 mcg (30 капсули)",ACTAVIS/TEVA,"1,174.00"
891,"SPIRIVA прашок за инхалирање, капсула 18 mcg (30 капсули)",BOEHRINGER INGELHEIM PHARMA,"1,174.00"
892,AMINOFILIN ALKALOID филм обл.табл.50x100mg,ALKALOID AD,44.00
893,AMINOFILIN табл.50x100mg,JAKA 80,44.00
894,AMINOFILIN RETARD ALKALOID табл.со прод.ослоб.20x350mg,ALKALOID AD,56.00
895,ZYRTEC раствор за орална употреба 1mg/ml (60ml),UCB S.A,48.00
896,LETIZEN раствор за орална употреба 1mg/ml (120ml),KRKA,95.00
897,CETIRIZIN раствор за орална употреба 1mg/ml (120ml),REPLEK FARM,95.00
898,LETIZEN филм обл.табл.10x10mg,KRKA,40.00
899,ALERZIN филм обл.табл.10x10mg,REPLEK FARM,40.00
900,ZYRTEC филм обл.табл.10x10mg,UCB S.A,40.00
901,LETIZEN филм обл.табл.20x10mg,KRKA,80.00
902,CETIRIZIN филм обл.табл.20x10mg,REPLEK FARM,80.00
903,LORATA сусп.5mg/5ml(100ml),REPLEKFARM,47.00
904,LORATADIN ALKALOID сусп.5mg/5ml(120ml),ALKALOID AD,56.00
905,PRESSING сируп 5mg/5ml(120ml),HEMOFARM,56.00
906,LORATADIN S ALKALOID табл. 10 x 10mg,ALKALOID AD,19.00
907,PRESSING  табл. 10 x 10mg,HEMOFARM,19.00
908,LORATADIN LEK  табл. 10 x 10mg,"LEK SKOPJE 
VO SORABOTKA SO LEK LJUBLJANA",19.00
909,RINOLAN табл. 10 x 10mg,PLIVA,19.00
910,LORATA табл. 10 x 10mg,REPLEKFARM,19.00
911,LORATADIN табл. 20 x 10mg,REPLEK AD,37.00
912,CHLORAMPHENICOL ALKALOID маст за очи 1% (5g),ALKALOID AD,24.00
913,CHLORAMPHENICOL маст за очи 1% (5g),GALENIKA AD,24.00
914,ACIKLOVIR ALKALOID маст за очи 30mg/g (5g),ALKALOID AD,74.00
915,MAXIDEX капки за очи  1mg/ml  (5ml),ALCON COUVREUR,79.00
916,UNIDEXA капки за очи  1mg/ml  (10ml),"UNIMED PHARMA spol. s.r.o., Братислава, Словачка",158.00
917,"MAXIDEX  Маст за очи 1mg/g (3,5g)",ALCON COUVREUR,148.00
918,DEXACHLOR капки за око (1mg+5mg)/ml(10ml),COOPER S.A Pharmaceutical,157.00
919,DEKSAMETAZON+HLORAMFENIKOL капки за око (1mg+5mg)/ml(10ml),REPLEK FARM,157.00
920,TOBRADEX капки за очи (3mg+1mg)/ml (5ml),ALCON COUVREUR,113.00
921,TOBRAVIS COMBO капки за очи (3mg+1mg)/ml (5ml),S.C. Rompharm Company S.R.L,113.00
922,"TOBRADEX маст за очи (3mg+1mg)/g (3,5 g)",ALCON COUVREUR,95.00
923,TOBRAVIS COMBO маст за очи (3mg+1mg)/g (5g),BALKANPHARMA-RAZGRAD AD ,136.00
924,AZOPT капки за очи 10mg/ml (1%) (5ml),ALCON COUVREUR,307.00
925,VICLAMIDE капки за очи 10mg/ml (1%) (5ml),ALCON/LEK/SALUTAS,307.00
926,BRINZOVIS капки за очи 10mg/ml (1%) (5ml),BALKAN PHARMA,307.00
927,BRINZUNO капки за очи 10mg/ml (1%) (5ml) ,"PHARMATHEN /FAMAR
/BALKANPHARMA",307.00
928,TIMOLOL ALKALOID капки за очи 5mg/1ml (5ml),ALKALOID AD,59.00
929,GLAUMOL  капки за очи 5mg/1ml (5ml),GALENIKA AD,59.00
930,TIMALEN капки за очи 5mg/1ml (5ml),JADRAN GALENSKI LAB.,59.00
931,UNITIMOLOL капки за очи 5mg/1ml (10ml),UNIMED PHARMA,117.00
932,"PATANOL капки за очи 1mg/ml (0,1%)  (5ml)",ALCON COUVREUR,266.00
933,"KYARA  капки за очи 1mg/ml (0,1%)  (5ml)",HEMOFARM,266.00
934,"CILOXAN капки за око и уво 3mg/ml (0,3%) (5ml)",ALCON COUVREUR,87.00
935,CITERAL капки за око и уво 3mg/ml (5ml),ALKALOID AD,87.00
936,"ENBECIN маст за око (500IU+3,3mg)/g (5g)",GALENIKA AD,32.00
937,БРАШНО БЕЗ ГЛУТЕН 1 кг,DR. SCHAR,112.00
938,БРАШНО БЕЗ ГЛУТЕН 1 кг,NUTRY ALLERGY CENTER ,112.00
